330122307,arifaiman23
618410667,charliemead2
1886279173,Rizilmi
1951395846,ValentinLucas9
18715143,petermaaac
27466760,Lolly37
561000969,WolfieKutner
103078922,mjbarash
28776460,jimbo911
14213645,manolodiaz
116333582,dreamer1009
66432529,RobertGreville
105744729,thedAnoiiz
237248541,wtcbg2011
221122591,hgc27
224186915,Deniz_Survar
15522856,kimgeesays
307541034,Mani_S_Bhogal
866386842,tqotttshah
62614536,YTDS
185909298,DanielGarb
41204787,arashafrooze
153776181,YousefAlHouti
440818744,jamieingram74
160930875,juanmuriango
2607001920,wantaheran2
211523,Dan_
426966084,Jaack_Kelly
162608197,s3dy
51704673,BrandonLeongz
20199497,ben10km
2204553555,mrjohnnymack
565095909,morrissarahj
340931402,TimxClarke
235605581,ShamSouL_
118148877,romulina
2865680976,LewisCamp93
2540780771,h0llywouldnt
375593604,FahadYu
771358819,KiallCarson1996
137729109,crow916
87674456,robertopuzzi
245498972,RossEndersonAFC
131204702,arsenaln
29708560,DaneBuss
301114979,Faizan24Raza
439417444,kazzapond
559877990,SheldonSupreme
296754281,ranimack
80344684,EugenePeter
140672109,Rogerismyname
23754350,GusSaunders
583547325,_norman_g
2226874992,mkhlovelife
361167990,charliepalline
2259814004,HidayatJanuza7
305088702,Obama_naija
190475894,keepssmile
384386153,omaralqassimi
361980024,lingkiswaran
1470134977,YYnyudha
150803067,KoEazy
181957245,firdausapandi
246371455,KirstyJoLou
198123649,AnthonyStockwel
228349060,LilyJBritton
255472918,Wruzaidi
833562758,AmzarAlbaity
46457991,Funsfun
1157401224,vuny666
972810378,r3d_r0bin_11
84999307,Mcazlin
24120972,lukebond
57105549,amandacj72
134765421,AlexEhn
1317943952,mtickz
388225668,fhiand_akas
2446100114,ZevGarell
713200503,MeechLisa
104959636,CAROMARTINEZSO
39264405,fornogoodreason
32652952,sameer7
90363545,innooh
542451062,muhaz_badaqi
69267611,febbyrst_w
75769501,nphobson
707826373,Edson_Twin
232036419,IdhamHaddy
225186587,mALahmad33
410224804,benson_dan
272498341,JonSonOfPaul
89485990,NMAL1K
226669226,martinoRed
54856875,drigy
580237484,TechhZZZ
26061153,Ben_Martin_
276648483,RejaPedro
275424947,rifaiabdul4
26353844,JmChile
28087989,Jackanory85
203016888,yorkystarkid
261253539,Haithambaroon
212350654,luke_w_98
14068415,basslady
1102669632,BijayKGurung
222247617,z_alsultan
235621238,aYuLiJaM
322089158,azri__akmal
1201230524,sonic4sqre
337574348,annuarayop
206254283,T_Andersson3
232245965,LucyAC_ART
65306830,Profound_Gyani
454712017,Rudirudz7
14971091,HannahBedford
357129941,CherylSaintLuce
35546328,DanielJCoop4
22472924,Rebecca_Reveal
323281120,izzulf_ismail
147815376,BradleyThachuk
14162659,owenbrenman
71833828,Darren_Oakley
115961062,hamzahnator
435957499,RyanGore_
131199208,rizoridzuan
74811113,swFeathers
145390826,gunnerpunner
46782187,ShazaniSabri
2292981926,jinseraph
152689902,funkmasterchad
83966191,amer_sucre
431084272,opelzahra
196958450,curlyjobson
58243315,Sebzy7
25913641,ShaneTheCutter
74947323,vionitapermana
773467459,imdayyne
399951061,SlimShahiidy
580245248,joshAFCbenjamin
1165372675,TJ__07
21630724,mellowdnyc
163095813,StepVilla
249108235,liamjtyler
1104808716,MattTalent
52388109,tanguylc
15618320,milsonng
388719832,oliverszcz
378076835,CikguSaiful
52800790,cara_leung
3145516823,Mixolis
23091992,zawyah
127285529,il3obed
3255831899,Charlotte_evvnt
188662555,DannyJamieson14
17543965,ycove
92063520,SingBlueSilver3
332465443,cem91_afc
106136871,ThisIsGray
14101212,TeflonFong
575340842,CarlVinberg
228314255,luqrahman
1355747629,BrandonTaitt
18477358,thedogsbollock
355968097,aligooners7fold
571863860,absoluteshahir
347904297,AliWestPT
1597822260,TheLutines
86057786,GarethB101
600403260,thegoonerluke
555828131,benburton71
26001727,eagle_italia
51725632,mosamba
2891044135,azeynalliz
211915403,_SamuelJones
410590020,Chijindu_Ujah
2245359256,emily_chason
191449825,IAmBeckish
129548104,MacAlwaysOn
27297610,RagingAngel
389871987,AhcurlH
85338444,ILLY75
610841580,DavidMoggy
23297358,RobCoh
44952400,TrevorLockk
579713336,BigBoyKe
2199761491,super_yahagi
460594915,Burmese_Bandit
2192099668,TheAlma_N1
50318681,Romy_the_Gooner
353194842,jsoverend
27419483,nilliemunir
40290653,FaridWanKadir
209657829,a_alabbad
46326625,encikmizi
397845350,MiguelCarazo10
795498300,_qbhh
2469410830,aabldn
32860013,Crossybebs
230470547,Naf_7
77526900,rupertbuxton
204427638,jimvanwijkPA
131839977,Rafa_HI
59839352,FaisalAlS3di
261752697,PCalilan
55126907,whatacatchvick
17308031,tallpaul75
581631296,mohd__shahmi
227005675,Sosa_N_Mimosas
92270468,yuxianne
356441478,bpwiley
14649737,StevenFeldman
218891799,NoTableNoFun
756521868,Bekzat_K
22613390,JohnDollin
54162320,woodburygooner
131795608,M_Pedulla
175827858,LiamPLEdwards
184890201,Bonoshoneybee
255723925,TrapHouseMick
21122201,iamglennmiller
615221146,RafaNargund
21397915,mohammad_ha
87054237,MikillPane
354404254,Abztract77
802453410,DarrenDunkley
31475619,Jewder__Hoover
2606746020,isaidhearmeout
1362818406,BENSONJAMESPT
476460949,hidayah_yubi
328036776,Tassell3
153504681,ShotzTakenMedia
41433159,paul_yeomans
706273693,nafis_khalid
2195058094,Moneydramz
183709615,EvieMarieR
41172918,therealMIXHELL
492786615,adamSWOL
350183353,hollybentley91
259989947,Rolandinho17
26585021,whyo
274630590,RyanWeston16
65147327,Dennoty
428512587,3bdulla_faisal
178473926,AsaBrown82
557386491,almha_KM
5721032,munjeet
173497801,jagjit_r
218439628,AAllenSport
328182734,ivangt7
453816783,DanielHall90
18217424,CraigSeman
273139689,creamsoldier
94263203,ainhawa
228184020,TjokReza_666
72088022,IlShamali
1154033623,AliAhmadi777
368486011,_MOOJA_
1153771482,xwhymagazine
273120847,clay_boring
305245661,GustavoM97
14360031,ianfitzgerald
304105296,IniMemangHabib
113399547,Eng_Dhari
194088933,Goonerreed
58519014,danielovalle88
35754473,EFNSports
539839652,AdeChapman
169217037,jimmyjazzboy
19834349,ajbradders
144194542,SamSpence93
603722081,thaqifthor
3196223564,ArsenalSSOman
180360690,asrunil_indra
247407091,naser_alsanousi
874562036,EdwinMe88
201329655,ChristianReid98
380542968,YAYshamsaldeen
18760185,rohani62
397867174,tunneiei
483785386,jgerebabab
