23114251,redmanpe
3076350988,anthonycammyyy
515865617,alexostrange
871814173,NeeksSports
107782177,isalihinabrahim
51821096,nicolajames09
239906857,Imhoff_on_tour
235187758,IwannaPapn
784605746,CharlotteMort13
540866116,KalleNeukoelln
1612073035,FarhanMb_9
17670221,Alex_Rosson
67145296,Dayod1adeneye
104501330,connorjohh
20107859,davidchow
2729869912,jeannelollichon
316589658,eadelee
68223585,Sophie_Jean93
21928037,barryemms
514735721,broOok290
359744109,Bo5amis
1161048176,KieranCPhoto
34033781,markgirling
577698422,anas_misbahudin
169688695,Epsilon_ShAnE92
381592708,MrCJacobs
293698185,Bparlma
248758412,_livcoffee
172871822,immadaisy
497145453,VirtualJukebox
58461330,heyxrita
192718487,revmarko
245539480,PerfectShot_
7160772,tracykuaea
2406430879,alyafei1984
1970053795,DJGovna
161504934,apriantodeni
16432299,redmutha
2350157484,CFC_Photography
124071088,Arsyah69
3051254455,henrykimoss
269272251,AdriNordin
387292860,BardKatana11
92731069,chelseafran
23606467,laurieortiz
212958326,Chelseaman50
1920344780,AzpiliPedro
20672722,K4RL0X
271260376,AANaqi
14804009,hauwoo
1979200080,paulhawkins1010
58745083,Robbie_Walker
287183612,cfcdbanks
1654215426,TJPopowich
29406475,MoCuellar
64697107,JamieMiell
1457598740,mchlkf
749990678,Birdy_CpFc
1897615644,Alsarraf_92
214236447,DJLogicz
55819049,ilbaku
963839790,NoviChels
478621999,JaySlinn
236159281,JoshTossell16
454130483,JeremyMaddocks
305552521,AliBerkay48
1196071393,Buble_Orange
380785516,Daikio4
212173130,Mark_Kleinman
112283981,mehmetcoskun61
40914258,Meryfuentes4
209572494,migxportugal
20478716,jennifergardy
562463079,BiinGhais
99725673,TURIBIO07
1645827948,Alhamed_17
308657013,MattAmos124
18173305,petecorreia
799114106,berkayozleyen
2827664255,BedfontEaglesMT
131968700,GeorgiaToffolo
3008726417,SelhurstSaint96
59157908,umangdua
6265752,markawcom
117767581,kaartasports
901053354,BrentMorgan6
212090803,jmadoffpong
211041732,Emili0_0
2230123466,NicolaLH31
130850770,darrenlewis8
53367771,Jacoke3
290058209,AHHajeri
791340002,AmirulToyol
48084456,LondonRaider
14662121,maryyasmine
347712499,bbbbbbbassline
242947068,nico_bandeira
