458185984,KevGunner
51725632,mosamba
149204230,PandaArms
19994455,annemparker
26847372,ATHEdu
152914318,Ali_Asron16
15065105,sailorlegs
28310930,alespoggi
80134932,2agustos
749990678,Birdy_CpFc
67572375,iain_reid
871814173,NeeksSports
449138007,KerzKate
6595462,superbreaker
27217449,Team_Rob
901053354,BrentMorgan6
295273133,LaurenRose_90
212260785,IAIN1894
20460467,lvcybarratt
190231221,Richard_Curtis_
378379987,amandasekanic
44942391,_JoyfulJo
34233145,jack_hawke
15038656,PhlpT
2504936054,badsyahir
38652873,_JayElle_
39545996,WicksFarr
58115795,DanKeley
23214935,rkensett
355443679,LizRing1
2201528418,bajer64
57954019,Donnellk
212521576,AlexChiles_
124777321,goodmanbyron
458415296,riccardi12
55950958,marcmulligan
21610099,JamieRHinks
1914517878,martinellisace
1332505339,maddie_mcfc
1286514558,Jay_White3
