75961286,TheLostPyramid
230696960,justexclusive
64006146,alindtiwari
611250859,brocm531
612462596,sachsharma1
22046725,Thefashionfolio
7305222,cmrn
2162112522,Mel365dotCom
223324175,RoryPaltridge
47781904,gossipfood
374398993,norhashimahs
15128594,ShaunMeilak
332549032,teru8iwkr
432244757,GoodersN
601425157,Katie_Brennan16
633710615,mimihyll
92844056,belllaa95
111589401,Ukari01
558405658,forksake
261923503,dianaristevski
320487452,Kahili_Blundell
2605659236,Jesse_Tekin
177610783,miktyur
1210474160,MarkSita5
361582626,AndrewCheng96
729749851,tur_ky_666
246157351,musicindiiz
248039464,thoax3
21755946,andrecarpenter
70553643,DocChristineF
162977836,designjunkies
154566322,yikhaiwong
280215601,ionabruce
161239091,Hazirah_M
30629942,mattsmolen
47569929,Whistlingpipe
901660728,nanasharif
74629177,AIMsydney
273117574,CatMatu
99952700,aimansaripuddin
26947645,MissSmashlee
198458037,alltheglitter
1191569036,marquezn13
240569355,Toddnyc
2342725302,tricolorimports
33099847,jayevijandre
450080840,simjsmith
53373002,Rochwillo
28086348,SirFord
26423377,jessyfinlay
5918802,andrewsayer
135321685,simon_mundy
24334423,TomasZagoda
20361305,ritchieplunkett
343242842,AaronFiocca
343197788,kickalert
985541648,120321th
310994442,shh_zn
38135907,kigcasey
833657190,LilyH2O
220280343,theliveseven
41527402,RosaPalermo
1346883691,DylanAdler
3017767020,solution_red
314552338,faizmustafa_
1427216773,celine_millie
34547824,TamaraRodgers74
322668904,gavinlzw92
40380530,mayaiach
103262324,nisa_kay
56651893,ruliphotoart
72788086,TheKingdomAus
81567863,fauzi_MNM
20273272,wamster
461548605,CaroPadilla24
1416604351,JahmielSowman
20652157,AMPR_Group
34826366,aussiebeachut
168556482,Nat_Rowe
260151427,MeghanRaeTweet
33419397,kimirelladoll
106918023,little_ripper
6998152,aholmes360
848648329,CassLeeJoyce
628064394,treganborg
1325815831,SMorris_Photo
264829070,AbdolazizTorfi
3282901136,heritierjapan
859234328,Ava_David_
294824084,Zahraa3li
554922009,MattClark_91
210763930,geraldkevchan
222175387,pumpuiyyy
8964252,adamgood
28684445,steff_bell
324690079,EduardoARomeroS
23918752,MalkieFretz
8202402,swan_legend
2610606841,2napasa
262970054,BBETOURS
18833575,CroftyV1
488081576,joannejennings4
224129193,poppyrouse
321980587,SamKing52
48681132,callumbroom
214208685,nicollexxx14
1247361198,hannah__moroney
299358383,Pinkfitau
3017132208,d_h_m28
2385170346,TrigbyC
344678994,DaveMerriweathe
6103222,CountKnuckles
23533751,CCGalvez
36012216,celeste_016
27525492,WatsonCollard
238495775,Jiashengggg
1527521994,NedWilson7
57911486,faraaalia
1950285762,pearl97x
175020226,Tully_Lou
1384210627,JamesCockman
76536005,Jared_Stafford
29655238,shereentan
6490312,levibuzolic
549715660,ShowtimeSW
65611980,MesBac
237299917,hawazanudin
22878414,_misslexi
24342736,kyleminall
31152337,APLPHOTOGRAPHY
24101078,robpix
117379449,enchikhyde
18202840,Jenemy
1395760164,burakuharu
33382620,benbickford
23189725,eieme
396761394,liberty646
86229215,pipms
302665957,nussymusic
44101863,JerrilRechter
85932266,RosieRosyRo
480218151,LC501
2893699670,Sebel_GMercure
24852178,Todsta6
19693808,matty_may
812394738,assam_hu
1379102419,_chelsealiz
16136437,JohnMcClumpha
19585271,melaniesays
56350420,camplikethesoup
315570218,Alison_McLean
23392510,joshspeedie
54038912,SimonRowles1
267614466,mcallisterjeff
30155011,isaakdury
25637124,lynnooi_
51466502,thedantay
132405511,tobitalks
969642248,CauseAnEffect66
2497202443,ManuelaPlessBen
2470484238,clipit_app
43651343,xDZAussieHEELx
389834324,long_mitch
14244114,iPhaze
280957315,TheDarlingx
428845333,liz_mansour
39237911,knowlesey9
2308151658,matt_baker84
377835908,giant_blonde
35219740,Sugardropbaby
678173,RussellHarrower
1170882847,gianflores_
33724704,benjiman1983
178383138,Ca5ey41
16658723,lucio_ribeiro
324807185,UrbiumEtOrbi
157348133,j_foreigner
759197990,irenekarra
446944647,1asr
109394220,malicine
20138285,TeresaNoble
20760879,RustleXer
58757426,switchgirl18
1172181043,amiraaqila2
411005237,faleh1960
24633654,fionajlindsay
1144708489,barrak272
55744828,Jennnnnnai
172007742,paulcolourkid
265173318,lurchjohn
250345115,MariettaDelVecc
2311358519,Rghds3_
294914381,Decoy_AU
558159689,kinfolk_cafe
58548560,miakjs
393070931,DAngeloFisher
550861141,kevin_moey
771072342,marcuschuaaa
63471960,corisel
42342745,annisa_fw
83548506,Infolass
383323,zzap
20982108,bmcgeorge
196473181,ammmpe
3046127968,memomusichall
58421601,divaadiph
369985595,veragervacio
273383780,SarahGrace84
46897510,MAUZEDONG
7145832,rebenjamint
24149052,ithensaid
30480746,alysonfajardo
425636204,NavjitButtar
29383023,patternott
9519472,PetraMasekArt
2964455959,Scott_D21
40460660,scottdarlow
274729334,beetwoot
3002642807,DavidSanchezLei
77973881,_stephcsmith
294662522,mohammadhamad2
617149933,sitikhaliana
2445761197,A_lotView
28522878,itsdaniellaa
23304575,StevieLawrence
19573120,FenstarDeLuxe
204284992,365DaysofSport
49807747,RarrSavage
17725828,Gregg_Boalch
11744662,susannenewton
6510982,djmainevent
224212033,LinaKuculovski
27318667,iamjaspah
1376219534,louvelitteraire
15264143,meepok
94722449,stephdunstan
310299026,JobsAtEricsson
361230062,AlharthiAu
23861656,NatDimo
26200474,RealChrisPola
957516187,Leowster
55531933,bne99
62232993,Girirajsaha
114762153,themikeycole
3062896609,Hayata3622
61315500,robertsztar
247308018,carluchosantana
3044069207,emilyherman37
931303856,van_elies
118413043,soldierofLP
43674037,msprasangi
388114870,ibraa__86
67572151,_ZackAloisio
1918734776,mmmintarisara
19636665,ciarantravers
13496762,andytuna
214440379,yinnieboo
399227325,heathro37
71969214,joshchaffey
31341984,kirstymugridge
1650061764,PeterGGahan
544143813,natashapucella
244572689,BlueBoks
2483446220,saraliyanage
864860504,akosiPEPEDZ
237746640,keithy_kate
2610982994,OfficialJXT
93802964,k2ukauhk
971465174,KellyMcInnes1
77087191,KGCEO
65655256,pejalfdzi
1696291290,sonorobiwu
356104667,Austscapes
2219379517,Xxx_96H
181088734,leyee_le
19814880,samuel_l_bronko
1489364048,denyamuks
968331750,SamHassanAU
32422375,DTFraser
435712488,HughesWarwick
181420521,swxxii
2641455596,rickybauer12
138905682,pythias69
73855133,casstpl
22348273,Chris_Jack
554983923,gamaRfathiyah
276204022,jasonheerah
189890985,bunny_uk
2908512763,cycle_tour_co
811751934,iamandrewfelix
173318732,VJvasek
22749701,fightfate
403578343,jasminetern
198825388,jacquelinejyp
113653847,prattworld
1552101901,syazamariyah
25584144,raymond3020
2138641,planetnelson
31765010,CarbieWarbie
19470868,roy930
3138439598,captdaf
3631110678,BridgetToogood
161234009,akmaljamil
217905690,faisal_alkk
95148571,candysweetkiss
290552350,abielatte
111013637,shravang
86235680,danagracehope
108890657,jlua999
479984162,TheRunningCam
73856091,sureenmaisara
27402788,sallywhyte
518535942,echo_lan
232704551,owen_minogue
202986901,libbyy_
17306155,davidsivaraj
9561522,hollingsworth
24945198,jackieee182
135885513,joey0320
2655337009,bestskier_onmtn
495166002,EdisonLWH
296243763,Chaaiiii
42349109,tmj_ast_jobs
1674576438,sarahcowan1984
12530232,lukasm
52955705,FidelisFrancis
374558885,lance_ben10
22659643,nurse_chrissy
445792829,ImUrKarma_V
1036433378,karlscribs
20580930,ThatTallKiwiGuy
49957443,PaulWilsonIdeas
1485090271,heykarenwoo
1032622663,zzleean
7508552,PeggyChow
17302091,stevencahill
61964876,mickdel89
1272210493,LaTortilleriaAU
128940622,verosulbaran
33137233,bekurtz
244648530,CGalvan19
14844500,MarkLobo
187808342,jasonsbernard
3219870295,AusBeerLover
330924632,cj96_john
16800345,psingleton
22651485,mobilelab2010
2975034973,nickfounder
2195969371,alexlauguru
370649697,FadzliiEsnan
853035451,liana_hardy
1651544676,ScooteeMum
89033318,felipinhomendes
571732753,khadeejaEa
98892392,im_jem
45828713,bitchyaffairs
23422055,epicmac
270162541,Hazal_Clem
14414446,cprieto
3192857551,EchelonMelb
30296688,daylesfordlad
352758385,Xanderman428
87890547,SaadGKhan
72688244,ChrisWalker_IW
169292222,geo_bag
2194799222,ozspoiler
839590520,Dannypasta01
515355258,LESoulgambler
227981355,starspangledban
232925820,daniamiller
26600061,bodhiimages
2162001685,Plus5Melb
23284353,lliizz
2619812484,griffilates
2292109957,neyrehs
588056868,Madaferrari
249189001,Apple_Tay
23327372,paauchi
164582509,LessThanRAJ
8782482,heyitsgoddessa
423467944,mohammedaldakh1
20298388,SidfuckingHope
867293845,jeweltam
444521116,CaitlinLatter
19892896,pooley57
18158241,nznathan
396313253,Stewy_James
253948584,sponzag
298951337,Sianleong
257702571,WhoCare__
1660392109,drtashique
53666479,miles_jordan
1267147380,celinefanonline
129694386,kaheriveaux
58434227,hasanuddinali
72373,frankarr
45822647,adriangallagher
217432760,bronski_
14162617,tina_p
1896082106,Ralph_Brown_666
22612667,_itsbennett
2279684377,berkaybykygci
137307594,jimmythedragon
61343861,markwa1ker
3108002497,JeannetteLim
1662784195,anyeet_
577696590,pvlahandreas
513898614,celineesc23
37403334,matthurst74
785790439,NichePlanningSt
30153417,greenbeenfood
875961372,hafiyadhwabobot
315503307,Gastrologer
15889100,missflora
19016399,eileenie_
59650769,blakeycakey
456499922,Missjaneradio
66019107,Julzmusic
87167814,VivianaT_1115
229835477,_lesabeer
741767894,h_silvie
202693335,daneburman
67193561,ArronWood
374586074,tania_zheng
1929008562,hafizkhirudin
79626973,colinseton
452860639,OmarMAsfer
2988909280,SoniaVoldseth
131500770,SriDilDesign
361639718,andylamrock
50922216,ahmadjo
28791591,mirandadc
1850931948,monikaDingudam
2396884093,Sippylp
20145960,joshrowe
178291443,mysaadeh
65067764,AaronMacc
704963317,Kayne_Tremills
66235127,AffirmPress
142914297,yorico195
1077961466,han_francisco
222743292,denDarnas
50310954,AlexaNoelli
295922840,NotarfrancescoE
70953727,yeckyz
203930370,dancedeets
178154244,carlayules
479316741,MillarRoyce
63617798,TungSengNSN
1032039175,ke_sk3
28734216,hugh_sheridan
37600009,Mish_Palmer
290626316,M__Alotaibi
34212994,ClarissePhotos
80015149,BestLisaEver10
239342352,georabble
16304913,bigbradwolf
398924563,MeshariAlhailm
247282453,CONikunKZMaaa
900018966,darrenmercaldi
39381783,RTC_Girl
18545434,superdavey
77724445,SharonHalim
1221661470,VIVABABOR
84846725,nisaneso
135869216,lordlenard
27613985,IamLynnLim
1854655051,DatingCat
497016283,tarameyers13
2186441508,Unlimited_band_
161877902,Danielapharmacy
18330407,GretaPunch
23743272,yotface
797947609,mdwakefield77
209509167,AlyssaCMitra
1644370736,WatupButtercup1
113809544,romster17
7021362,raymondcamden
2597349793,tpqlik
14226230,michellichu
237982521,lukegriffo
118842171,shannyn_b
252545853,bpmammino
96482110,jacisyummy
192076607,nicolemdesign
19108320,marcusting
23319362,debbieeeeee
65293126,lia_kurniadewi
292776959,charlottejeanm
336763720,margauxbonne
949553994,Yopi_mock
104846155,ScatB
37632844,murray_w
46138189,lari_be
17011534,jingseah
306613073,CrayCray_Beejay
107436882,petaet
3252740948,OTdocklands
197362517,TONOAKkk
564083620,J0SHYmdB94
3181401,evilmarty
489151185,markuslives
304778076,aleeloo91
54852445,Jeantans3474220
406809439,kylid_
77249379,_alleeeee
101915492,Terryfirma
2427927014,jasmine_ptr
432161638,VivianYSY
38833001,alltimemaddy_sp
83338090,NickOlaes
320627563,Chellylum
1411797108,ANZSBLANDS
230929662,mellstagg
148579188,MarkShutdown
14121845,MiaFerreira
859289065,tattoogeorgie_
121678713,camillal33
539980666,23Chowder
161502075,SouthernHoax
156255102,Puffscot
1138275200,AeqmalHuat
26123141,DarrenPurchese
1344240613,WaadAbbasAlkish
1669103425,nickkmcclure
600851338,CarinaParisella
150434699,newjerseydamo
34167693,delan82
502569870,merc103
36021135,tyronea
44155793,Shazzharif
269493139,youngapprentice
242688916,ayellarr
298455957,georgezorbass
111287192,tehshaowei
25797529,abbeythomas19
737682331,AshraffShatri
284058287,nixirafarra
410413982,Michael_D_Hunt
15920031,AnferneeC
212128674,almsafer85
377940123,DrJoMitch
346396507,Troy_Sussman
69268389,zaimc
235090362,izzyzabel
49574044,nthqldcowboys
282420017,haydos_86
18000811,dishitd
8528812,rarrigo
16896943,mverbloot
37180341,TheLukeJMann
147564361,Alahna5ash
215489464,humanPincushion
136588217,Japandaman71
338002875,eatdrinkwatch
19895228,noblewordscomms
3109476170,riteshpatil000
342474869,asdr1019
817292941,Johnny_Flochild
135734212,DanCWatt
2190150134,intoyousfs
17005510,ChristophHewett
556473288,karentbanks
2311875404,Hazlinda_Lindaa
2760727500,FMi_CEO
34511821,daniellen0407
51268429,shainsingh
1126570010,eugeniadoran
336353971,jengjeen
379979273,red_arms
79156186,martinkelly73
447696719,KateMcG6
456109020,Bla2tor
118582239,thecreativehen
213611488,ericwin25
281495634,hayfieldbabe
24863717,stickifingers
5172201,twe4ked
51624938,blackh3d
14222315,Adelaidetechguy
356826962,DRB001
2300877806,behealthsydney
913852884,nporter1983
164125681,onez69
333278194,Gcosgriff1967
117313363,DvDLaX
1605344245,drdralal
241933302,babyonze11
2714517673,KembeClothing
2439801854,Ianoblesse
1733631,studioprisoner
125811712,janinedangelo
236737537,rattlerspeak
1119220770,AddibaAin
55204870,_chinmusic
228929025,stevochels
70669320,dachss
14294025,theasset
223522647,WAITENGG
331738708,mdshrz
18015246,chrisjash
2297879725,jayson6670_bond
315659280,NurainAhmad85
1115755538,GrantGodino
257398275,dionbraga
270844951,milliz23
312179737,BoredVader
473707801,PeterZennaro
330713922,aidenblizzard
24316961,AdrianaVamvakas
781093922,nazifa_huq
17124387,dain_ger
21818404,teganjessica
250879013,Adri_Quinones
20880422,dresdenpunk
37866535,warrenmjhill
186412072,bruangendut
625177641,edayaseminakin
562773034,GwenTaylor_12
1465597447,DavyVancampfort
446710830,SapaoWan
540937265,mrgumbatron
15037961,hannahyep
3196744543,mhdhfzn_
21738556,Kathblue
153703946,GlennFlood
27804735,JohnLethlean
27370560,MINHcredible
178904129,zenobia0415
2644419781,rothpresents
103753910,azbce
209959513,vrone28
14580807,Waiyousoquiet
10695752,evofitpt
179934281,XperienceWealth
297804874,ingaziiektg
367612087,Lesware
222575696,nicsta15
1177644114,apearism
25224275,Milan2Pinsk
68652116,tim_santasombat
22893653,DjWronghead
3112121515,chrisbrook_lai
625753,ewanmcintosh
40639579,nicholasruss
628501596,thatrangabird
197831776,thinathinathina
65803361,mantegurl2
751070395,bayam_ayam
230896740,7aMaD777
19483749,notseto
492831846,jordy_chenery
15745553,joblannin
37588077,StephChenoweth
2527263854,Nuna_jan
385845113,Nadiyatyraa
136174706,Prxttykills
19774579,stoddart9
151808190,tskcommatsk
17083510,bernoullischic
158104084,jovan_susa
447390911,ColKeating
260223850,Tambolishus
1621495160,alqallafm_
25951362,miss_soylatte
127747947,CathrionaHeerah
86464364,PierrickBoyer
63628426,pharmacy_news
73254423,pickers7
263400588,JenHerreera
44315789,sasmithaprdnyni
2923507734,NintexDan
433805600,ajexplodes
2853663888,AustraliaZrii
213446405,VICVezzano
156191891,c_ports
132189332,SylviaTan04
2662483093,Rkay27
22351000,AndrewPatrick_
779699353,kimiwahaha
547339418,ACMEANDCO
539997381,Hibblej
882386118,freyachan05
33150122,MattsCravat
53654699,dewberrydrops
612306093,Ollie_Howe
17865904,PAFC
58038472,Yosoy_Paranoica
1342045364,luu_creative
16727221,chrismclay
55862455,BMUZIO
40039609,IAmArwinV
473867465,jenruzz
391884319,5dimebagel
235975871,amirretta
49927360,annamae_x
25242818,DazzaMcMahon
48739523,princeofbraddon
2355954884,111viiiiiii
35765445,vedangi
412785862,AMXAUNZ
100480199,safitridm
365554892,Dan_Anstey
159364299,davechristianb
301120716,SpatialRed
338162893,fajarnandajaya
1687796941,AlwaySomewhereX
16268497,xtalkay
46845138,akbardimassp
378017998,yinmei795
807118038,TheNeathanYee
236934009,AKhajah94
3162242264,ashleedavis06
16360669,bystreetlight
213816544,GetOnYaJ_O_B
1358671321,Marbillduck
443622628,darrynng
135874769,La__Petite
20190441,candyhertz
48272619,iBluestone
23741676,jamesaitken
17274749,zacsay
262059248,AbbyMalaiHasim
192144625,Ahdhu00
157629684,showtimesharp
260191102,laurenrogers81
503664169,robboloveswords
31051001,ossen74
53366010,klyonsphoto
23420799,zurigo
1192930549,PabloSultan
14173438,sealfur
235773183,Nefariocity
404507905,nasaie11
20210219,AussieFlem
1903049988,AlliC19
45947094,matteosenesi
28306695,nazamshahpar
149433608,Dr_Osteopathy
1361046793,GursewakAnand
75775242,spagyricus
149789964,maxhanzo
3063656322,DinoCantone
3313862312,banny_mohd62244
22611218,nathanvdw
202587411,Chantelleee__
193664276,jacobgardiner
264746261,Jax_Lai
296744217,tetmalit
889687322,TFS_beats
464416027,AsyrafSyakirim
275919749,mrsjoski
15412513,carowinemary
30596387,ROYOLIVER
49650980,m_meenakshi86
151436418,Charzzlyn_L
221027623,greenteafields
18183464,RogerIsPants
994601,nickfong
26354986,tthiri
335719723,damarclothing
47070508,Lostelephonos
20553006,rikigo
203703517,jagzarandona
1163586865,Alheyittah
32331059,kahlimaree88
28529973,AmmAshraff
238032183,richmondhils
31208760,romikid
733961780,emgw_melbourne
265948474,tvalcorn
24343867,ItsJerm
277267772,ceo_vicsport
555709757,TommyBick
441635381,thetimdaly
861437076,ngYawyaw
37393732,pauleen_
274982213,ItsUlrikaortega
388799819,HarzanZahari
27403596,morrisperry
1306289034,WiredForWonder
17016144,fitzsimons
430924344,SarahAlFarsi
270953811,RemyJemy
140391765,PeiyeeChong
2378026326,CuppieTen
14071129,paulkidd
112291162,Team_duxywoo
684943,alexrzem
229033311,tealfooty
454558901,AlamedaStrip
556225891,MaikKleinert
77876581,drewlizbeth
2372030581,SarahLHarrison1
146047889,tilzzz
20641131,benhider
369986924,WanArifIzzuddin
201897327,libbybabet
267738480,Mitzi775
22207859,jaimecml
2162032190,CargoHall
201147766,ndxzrn
259056873,TGF174
56282488,IzzyStyle
844375418,syphonsteve
1651541372,Bar_Nacional
41999741,jessicalalor
139926912,akiraalways
122631555,arnusit
364730368,studyuit
344495494,Petee94
63479175,jocelyncamilla
229860588,laurenbumblebee
2325259658,CoachFoulds
23934871,DjHellraiser
57350381,febrinasugianto
2300896152,crystalchennn
64159125,nina_bravo138
20651414,GoodaRay
212357078,Rob_618
389930393,KymWaters
2288450970,iphonogra_ph
469779867,KarlieFruzzetti
40644000,TheOnlyDetox
196167073,Lucasrtsy
217675173,michaelambert33
1923480966,KolmanSasa
8848812,boffin66
769377710,trevorjamesdean
1964071687,ashsanderson1
19525042,istvanv
522096051,promisedlandcof
22427060,LiamJamesVoice
186332597,ChasingGhostsAU
373336615,desmelbourne
395592948,AnaSirventt
2375675323,ooomarrr18
754787773,alaa_wah
435760574,jackamckenzie
1663221,marcomartini
131989419,sarahbell82
306492866,sumant_servesh
116358595,adamjsutherland
73518532,sroberts82
533642693,BulldogsShop
146281926,clemenation
14491079,evanderkoogh
1486282184,TheYogaSocial
78239177,jenobiedo
28943818,natashamusic_
7796172,BronSt
3395021,venessapaech
17096142,anthonyjclarke
123735503,yeonsheng
17429969,AD42_SPORT
566058450,bellaxsabatino
413302227,AdibZuoslzEzzad
162911700,RodnelLorilla
370638414,Dhadhoud
287788502,stylesjuana
23348695,sall_joey
191360473,ValueMgmt
131638747,brianmaw
151068124,husnishafqat
256368094,pjrdogg
156502949,debralim
14583265,ArjenSchwarz
1605643916,sandersonsledge
2883981127,ArjGiese
28014052,meganm0
51185127,Anynhakaroline
68110708,hotndelicious
1669914535,PPre4m
1056587244,BillyKottage
318108242,_scottalexander
14732785,theboynoodle
201618930,jackymaestre
17403379,mizkatharina
18327029,katminsky
95322708,pusamatt
2410987656,WestEdibles
36025852,alowsl
29308413,Brian_Michalski
135204351,elyashazleen
16190976,emyalegre
43675137,SaintlySammi
222365186,ashleemagennis
15067051,jeftan
137848325,jakcreative
817440001,urasyan_punk
337688072,LukeWLennox
37162924,juliayylee
65527306,aleee_t
177573387,asteroidproject
741142028,azizi_zulkifli
46165517,NohaBasiony
435809806,gattuso8819
325998509,winkmodelsaus
1486994960,corinthianscafe
39469315,a_hailstone
227663380,AbdullahANajem
2489579642,7_Ktb
22750743,sarahluvsuso
590982683,irwine14
18062879,BornABulldog
26998304,NatKringoudis
254840224,ravendecipher
229656151,robertkufersin
94742056,rencylie
247088681,DoggyPanter
43281965,echo7117
268125742,sassavenue
33181277,hawkermay66
1022105136,Addrian_ME
19222065,sjkaur
388744756,EmpirerooM_aust
45284919,paperwirestudio
25480760,sare_rah
168580665,pppahn
375876874,antoranthony
33132094,Perri_with_a_I
1075303999,Wyldy82
2837833280,phonomau
1579970118,crseanoreilly
47928905,gottaloveStalie
169881164,JuliaHoXinFang
287041102,SunichaNakhrua
20235855,johnreydangilan
224933458,kaceyjayscott
278492756,craigpie_
16668247,chrisbride
19029592,_kaushik7
39689820,chomicide
14972509,grumlive
20231775,jaejae316
137899617,chentiangemalc
1692898915,jaimegcerda
132389478,narissara_fah
2581970534,onthelistmelb
236377703,cocoloco212
22271592,thlovecarousel
47308393,bigdataoz
2187671147,_JenBainbridge
16171282,justoz2307
134762094,traceyytran
1598151944,iti816go_hitoe
109430388,AlexGelbak
37396085,ebowana
359591542,HF_11
16401001,sazsoh
499461396,TessNobile
127159932,Jakkajeez
144828030,LieselDent
2208125910,CarmenHolderAU
973391323,BodyOfRachael
439602826,nash10061994
115740951,Kliddiard
12099212,_waz21
40846989,registradus
101754511,shaanbhuiyan
20240019,murrielle
124287598,andreasgloor
236324503,anitababyetc
19226265,trav73
36871835,MissGilkie
79054492,zinacolada
308364957,SarRoberts
195135136,MamakXP
30427760,bitesizemish
32644773,Fishcoteque
22810280,caeldg
83817532,foodbooty
308776624,alana_colley
132853426,SaumilBhatt
2210831987,shayangun
297307830,ChiNkeatz
602390200,BadDreems
132036281,alexmcdonellaus
80499815,AbaAkbarJi
1188842874,JustCiaran
538011327,Syavashzarsav
300540192,RobboBourne
20836036,c00lum
767407813,nmpringle
99610311,juliaacardoso
201154248,Faez_Luqman
1206015690,williams_a_c
25794167,FNATIC72
510906060,shark_fendy
203176226,Otanawatagit
18515666,hansthecat
170577619,zyreetuh
18147028,VicRoads
15410903,Koppenbadger
381927129,ughxcth
316839340,JoshJenTheBlock
320700124,DanaaNanaa
2381859109,SaraJade175
22265570,aashish12
18134756,zaana
204586278,KonradMarshall
308750054,diananguyen_au
1454149351,amhutchinson888
24067816,mmikeemike
2465914602,TrentKnight1996
208944875,Bearwildered
46927598,celinej_w
25659119,mp01juve
76240624,yokeyeong
2560237560,lifedown_under
27227890,sam_marchetta
51932915,miss_linagrant
81029015,Partnerunning
2418331381,ThinkStrategicA
1543228489,coalittlepiggy
321696302,princepries
49047293,adammahadi
565221118,MakingUpVita
1199013163,JamesBevelander
1003169540,supertonia24
767749,JoshSHill
29007622,KagariY
79951623,Stephen_J_G
3303045420,Dannoboy1978
134647563,anewmanCG
939343628,treyespinosa
87285517,iamdjtask
235663118,searzfm
305178925,BenjaminHaller1
2392539096,AkdoganAlper
253707566,fatmaboland
251701741,danesy18
14112541,mikevallender
569091872,Sara_Gomez999
1391763474,MyTravelingJoys
23564251,dougadamsau
28555046,bhalejos
21665575,mike_j_sutton
33949480,djmeex_
24842026,damiankristof
42852140,leighroyoga
15105837,swandives
36951856,The_Eccles
1328822065,jclknight
128753461,syahcay
49391415,nicoleflathh
213654495,Chengtingyu
15804220,brphotography
37404477,robbielove79
374306622,danifuenzalida
565040959,aimrankhall
2253965424,Cindypgomezp
30205761,DennisVollmer
40585026,simonjabrahams
328523403,AlexeiLesin
40814404,mattcheesman
488464694,23Kbrewster
384556990,FilmNeverDie_
2511062856,readerjack92
41273161,themonkbythesea
237417486,mangles79
260558135,labalababanana
476680013,fatenhannani
1681231,peeela
76869458,teaguegray
64964435,SeesawDesign
211457876,Niona_diaz
591644501,orionh25
1192054614,marvintomandao
50880343,monzeeJ
736610138,pogi_lion
147111771,babyErinLim
46536541,AUSSIEDIVO
35995621,reverseg
300320608,SergioMuu
68312379,AalexTermizi
3422577973,dyverzeUniverze
143433574,itampp
3435081575,SaintsDavid1968
23730025,OfficialDJFuzz
24285034,brodieyoung
16230251,kinesiyogachick
39208812,AshHibbert
180765330,Jacqui_Aston
79542126,leealexand3r
44353391,Helenova
88176502,lostravenclaw_
2474686441,marchettiau
570408824,LucanBoy1
74721145,DAONONG
23408509,zunicadesign
22718335,Joshpaulnash
226094976,CynicalJordan
9402242,timjcasey
51969430,JohanDihani
296050568,Buttercup_Bakes
81754092,andyszetho
2399214914,MichelleHarrow1
27312014,Rob2563
2914768783,mioxoimiffy
3174828154,JoinJackMurray
82608018,realpinayaussie
174671763,kimydorky
2581641109,brigitteyoseski
96292758,ememaich
36327065,stkildafc
72812440,dinodipper
450537605,nikki_telfer
1240756123,matildaledwards
154562462,reginakuntz
493778849,mo_works
77043355,Foodtrail
101062564,bulldogsqueen
259309477,emfagg
388104177,amitysam
64130985,Allivanatan
131194794,ehsan1991
17209259,featheast
10960812,missbossyboots
43777965,MMFCory
301751405,danidanyell
1606504368,johnathanvon
359260081,syusyudd
528999700,AlisonDummett
36304823,petersuchecki
57819065,skarskar1
33769406,specialcoach
399754912,BrendonDaily
21868482,identitysimon
41652164,Bejox
23568325,sirap_
3238574695,BrendanWindle
426479559,YusmanPNW
213221321,cwaijin
307969996,pinocchio29
369487825,Liamo_Keogh
407812050,HennaElena
321828819,wines16
19959766,joshjanssen
90529752,kelvinrsmith
13281242,borrerta
25229275,warrenkatz
329447388,Pythonchicky
96792541,OtherView_
259620517,lessthanvinnie
3160541808,ethancook103
525907937,gracemvs
237172706,MrDavidMKnight
159758307,Ruperman_
25055205,kaitlynaust
2564052966,cotsanis
223569073,iamjamer
17805292,dhshaw
1262243822,AussieTwerk
2413756399,transverseaxis
14245872,amandablain
24852136,hayleyonholiday
2189489491,andrewbitto
207849460,akbarshariff
70830069,DJSEVER
343366290,Craig_Radford
278353911,truenaturecmnlp
804794360,mhaidaryaafi
562825209,saycheese425
163750911,pseudobacon
2501401674,GlennAJones26
