297549696,ThomasBescoby
175316611,wsagfanzine
233657481,themikeywatson
1368786570,tricolore3422
21251731,James_Halfpenny
94382740,ABSURDLUTELY
21479192,ToffeePie
774613146,SirMohAgabani
364936794,BobbyGraham5
222439071,kingomountums
22909218,darrylj
285776548,lfcynwa96
86389544,localangle
430161843,mattywillis_
77444282,AndySlow
240215903,KtJXXX
1201230524,sonic4sqre
476275646,TavernerBlue
21350975,blusov
51085890,hannahmonks0x
1483656259,GonzaNuOk
262401094,Citizen_baker
30720839,Sammy_Goal
110445641,jonjeck
40179276,dunika
388220450,bsbenj24
588926158,SnapperIan
192530260,bluegirl1878
15801557,lizardking71
20799703,Zak_Ford
36684760,Ashley_EFC
353194842,jsoverend
53377118,SwallowEFC
93398111,MrPhilipOldham
493313377,ShaunCaine
39966050,denise_efc
246953451,MarkReidMITM
336549106,born1878
291219062,EricKostadinov
197077756,ErinStewartt_
20582653,paul_knight1878
