117140320,Bodfeatures
615279745,AJGrant9
15445126,thatpoliticsguy
36920071,MatthewWalne
92564619,akuna_matata24
20391950,twindaddynaynay
172940431,athifaaffin
175827858,LiamPLEdwards
203950894,timafc101
24911894,Lady_PR7
2745196121,rebeccadorr_
107782177,isalihinabrahim
19547938,Warnerbro
2606746020,isaidhearmeout
747220393,patmurphybbc
234893995,v15h4l7
3328140333,ShitHappens63
18477358,thedogsbollock
16989359,NicolaJBetts
18911664,samjohnson23
363571378,hollysarah95
275424947,rifaiabdul4
22749750,Ryan_Hubbard
498892473,georgewarr62
86057786,GarethB101
507397563,tednectium
325467836,DAZM4N_LCFC
86142785,Kat_Salmon
92599364,lrwileman
2458454472,johnsonsc16
161526354,LukasGogul
408734163,LCFC_Luk3
113488598,Crwblyth
568168407,FraserTSmith
24507481,bhav136
174527450,NanniENaNaaN
271517967,_alexLCFC
158041921,AdamArsenal
20438624,steveburnley
2680205410,ollieg21296
55780196,andydales
15040743,nathenmcvittie
1509918012,PaulHillOVI
348979947,ady_dayman
47170288,Gooner_1983
235231985,Rich_Tullis
2294091646,adamgold96
363244150,Lblock299
21248760,leeleewheat
91773564,LiamTulett
21540606,arsereview
