268847491,kittengmak
10867332,leoroberts
178354310,StaffordScouse
20448907,JakeyLW
222845197,Asiffinaction
1905048463,owen_futter
253572112,tomstent
19940753,Blanny
701916178,AidanShort
86251414,nudananya
71874967,AlifAmdan
35519492,bettylfc
89559195,Rob__Lees
67045405,we_wahyudieko
59267871,marinapastore
21656985,shopgirl157
107782177,isalihinabrahim
187064610,mika_brightstar
25558427,LaurenG371
1139124338,AideenEbr
1897512102,_joshleach
968481194,MehmedHidir
183001671,f_maisonnave
244240301,KopiteLuke1892
321867054,SyedMuhdFadli
100836659,Ellabellatwits8
123621173,Markooskoos
315213110,Moi_RD
21212216,thirteensteps
59509821,FLOOSIESHEENA
17062846,propagandaphoto
405433792,ralfahad13
1480043040,_beccinewton98
1385539908,finlamb
895647421,andresxiria09
301786822,khairuljapri
179543367,RKidWM
884029260,hogank1
61207500,angelonunesjr
31372631,Tom4lfc
361580816,LacyJ11
2203805750,proudcanaries
57574504,mellahariyanto
1389983084,shivvamgupta
33490621,garydalton
86703600,juzeeee
248791280,di_ceee
46614132,PaulSmithJnr
99846773,tickypimp
299935166,ArisWilly
296293243,ncfc_karen19
