443127531,itsnakia
40742916,AllyBongoJr
203065861,DesRaphael7
295907337,kathy121255
29518733,Craggers2512
80686351,stanleykwenda
12609552,MattHighland
567950885,Greg_douglass
17164946,paulcargill
21251731,James_Halfpenny
317870332,DavidReah
161115926,JuezdeLinea_TW
317806873,ammain81
20504474,jai_dee
28666778,willpicky
761531935,hbreye
22109345,binghott
433261763,OfficialDjDel
97546403,dogdoiz
116993444,yanarchyn
262401094,Citizen_baker
43766953,Northern_Steve
2337758122,DominicMarley
200560940,Ben_Lawton
49436333,andrewrenton
239898302,KingKirannn
369482162,dave_cgh
36359262,trickluva22
294259511,NathBurke94
131131231,Joe_Straker
23472572,JaySFnB
47144766,CharlieTownend
65752821,luke_hill
453238012,djefferson947
77026115,Barbarellen
15556678,51mon
107782177,isalihinabrahim
2370143433,Yannsodre
41109963,tank1958
68141772,mattwood007
372459981,SeanOHara6
53206990,NiallParton
361947021,CenkKurucaa
621724368,SteveRossUmp
2711748563,max_is_swag
129779022,marymccance
570069974,iAbdullRaZZaQ
2415828316,DarbyshireDebs
44671838,dan05delaney
93398111,MrPhilipOldham
532566587,IbnAbbass
69662437,michaelhowe9
263332197,IamDannyRoberts
598547176,Hashim_Lawati
163859945,martinwightman
2589497439,samuelPG26
357431915,Leeds_Maverick
109651695,F1_Jen
307266416,Mark_Kelsall
20044661,BlueMoonEng
114440056,MattRoberts234
321502509,SJones161
1465799546,AmrKhaled777
1264319995,shan_louisex
109317884,emre__bulbul
319286525,ManchesterFirm
467352318,Sustained_Alkie
346610687,mc2810
