19331073,jessmercieca
240517122,LeePamm
23322628,benbeath
14909447,chrisoh
231139336,amriecorazon
1260810074,IjatKick
59406351,sachie_xx
262970054,BBETOURS
111417338,MsAgathaMorris
15128594,ShaunMeilak
371455662,mikhaelquevedo
104153110,DaveJenkinsJr
19075096,bbethy
558405658,forksake
14506011,ryanbigg
15214620,sirjec
112291162,Team_duxywoo
179033776,SpecsomeTina
258603042,aisha_adam
383232035,ohrizan
404578340,BGavaghan04
175937201,aaronjmaher
92100648,StuartCRyan
137457707,milorose23
26456111,_alexandrakate_
289992752,MrkNatividad
280215601,ionabruce
238117556,DEOLakaSAM
30787644,mischy68
26947645,MissSmashlee
230985790,chrstianguerra
1347224245,imransyafi
246261824,MiSsYeNiE
274717024,MsHorticulture
553272304,ChrisHughes2803
55978337,Andrew__C
43870282,mattryanphoto
508433079,jclipscombe
28086348,SirFord
50118733,sense6photo
156508238,GastronoMel
142516304,bovespa01
3005714514,shitstackband
173271123,HayleyDonna42
113653847,prattworld
565983321,stpuxley
2156268152,astridtbca
2281363548,BumbleBookworm
2444676794,thestateofgee
28459102,Wernah
20562015,SilverMtSarah
495725497,HarizRidwan14
54507620,idle_chatterer
44263525,steph_said_this
76908648,sport_meister
752576617,cristiandluca
229656151,robertkufersin
122833003,pmoquedace
3017767020,solution_red
14635026,rosiepb
18700398,nicenuts
2253965424,Cindypgomezp
20330609,kieransimpson
297889152,simo4cindy
72470643,LeadershipHQ1
31715444,clubwarehouse
61343861,markwa1ker
20273272,wamster
22435962,Sonjabee
32768123,laurastar09
34826366,aussiebeachut
554258453,GavinWraith
22579331,KolaBello
364642439,lukec808
2692407433,LachlanRayner
23620631,tonywalker1
2290702658,MMykie87
16310413,chris_steff
291625102,bigman119
1922631823,Jacques0130
3282901136,heritierjapan
271292440,scramgarrett
59750546,orsonwells
277276821,christelise
145873945,YUEGENE_FAY
521690297,camjones74
205236378,60meyaw
49574044,nthqldcowboys
350234781,Jonson_Lim
2285633694,solutions_live
28975263,ellieeeeXo
268773536,sydontheroad
30830754,ashbrinks
1328591011,RubyRoxx2
91491014,matthewgchilds
18833575,CroftyV1
35231912,yrfaveaccident
213567658,JoeFennessy
148660935,mmccleish
208894124,LoLoVino
1589728626,KathyJohnstone3
216959151,travis32cloke
442677424,OCJude
325374129,ajsmiddy
181074098,thegossipgoat
21737654,aaronlangmaid
450616009,SirDomQuixote
27525492,WatsonCollard
3305661,Fifikins
151808190,tskcommatsk
127157621,dibushby
109521089,ariaaryana
132811404,yuuerata
24826051,Regtheking
36665543,StevePinirou
58038472,Yosoy_Paranoica
93534410,Harding5
241905867,ESSPerformance
37355725,stormsanders94
20732621,jhend7
133513424,craigunderscore
1364293842,unwrapattoni
163363027,Jacquie_G
119527637,themykiuser
321904854,matte_johnson
2475022831,Sammicallef__
74385626,elvinaMS
85793487,PeterBerney62
23933151,Daymeaux
19626208,matt_armstrong
302665957,nussymusic
223320298,IchaRiaDreamer
37866535,warrenmjhill
16662767,smithjw
18837744,keithbradyie
332714024,jashas87
397658354,ec_track
1663221,marcomartini
594982612,HendersonDexter
276844794,KenanCrinis
561834235,JessieBubble96
35084541,nursereb
139926912,akiraalways
54300930,NikkiAshford
227981355,starspangledban
40868100,davetherave88
24795862,Lydia_O
136267629,boodee_ibe
1484969004,rachaelep_13
29884682,NickDehghani
303034575,hooptours
25213197,thesteakcake
26972430,TKMSMAX
229495057,abrorxon
122631555,arnusit
39237911,knowlesey9
845136152,wtvrims
218788121,Charmanda_99
2153646362,PHUGGINS4
2261999899,MelbCCLibrary
562698526,bretteppa
64000287,DouglasBR84
33724704,benjiman1983
2582968609,BradleyRGeyer
22460707,Angelayang
33480996,raaahbin
157348133,j_foreigner
34568487,zbrba
21174569,PaulaJoye
301820203,MareeMcCabe
20138285,TeresaNoble
1896993948,Samantha_Riches
258312584,OwenWakaWaka
35600692,_living_space
39731510,cable_unplugged
38617400,jamimawu
764895547,callmeRomina
64651580,stylepaws
1210065648,SeanMcClounan
48951614,michaeltimlin
23933248,CFVineyards
15659329,mentalpopcorn
43442498,SalenaDatu
883151174,Dani_Hm98
272848833,merrijigkitchen
392663205,urbanneurosis
2314504525,CafeRacer14
273383810,Gouldy78
17119568,Ezziemandias
393070931,DAngeloFisher
1051588088,pegcartrs
141932888,EStaikos
767106788,skyeex
842869086,lanksmusic
258794515,timmccartney_
47292769,Cocollette
1353377810,Chris_DScott
20318563,Jpeagreenjersey
69251428,tomwoodau
929061223,AliceAuPair
385763688,RagBoneManPress
25663207,davidbhagger
26071407,SamGreenMedia
73314673,notalwaysweak
21724563,lostandwanderin
40460660,scottdarlow
23275893,therealajordan
117379449,enchikhyde
989770110,graceevenneman
859472256,tkm_slattery
138678658,alanareader
175260462,danielthomasand
48933252,cwojoannexx
69552517,ordesa29
79229320,hugocals
3243155852,belskii
421413264,Bauky14
395198872,MatthewSLodge
17185174,dean_neal
23861656,NatDimo
3319594052,meadows_aaron1
602403226,Cosmic_Lea
62228892,kaatieee27
195594653,homelesslaw
236337904,jane_mc_leod
17250722,NeilMcMahon
1825191,aDB
3104007703,TheBurgerCheese
592550316,MattyBellSnr27
584785650,BolingerKaren
331522478,backpackerjam
2204469661,gsfoodau
247035068,NathCurrie61
166531510,michaeljnrl
65874359,LJ_LucyJane_
76243384,linseyrendell
184940985,ShaniexxLui
2785409166,JuzziGeeK
22348219,nealwalters_
250550717,stakes14
3235731903,Addicted2Costco
10082752,katstheword
115290562,JohnGDryden
544143813,natashapucella
2272203206,PugEdits
26225097,alejandromolano
150170018,dyngates
69472719,RealJamesPhelan
1021203192,MichelleRPastor
93802964,k2ukauhk
2782317014,TanDelona
21606871,maudeve
187812312,mummas11
453933535,smithrachel_
2211736550,DonatoMichael
42770916,DaveShuffles
32422375,DTFraser
435712488,HughesWarwick
570544618,Magpies142
251701741,danesy18
1711911750,S4Escorts
16831857,camclare
44558834,cazfab
201325651,_ItIsNick
994603496,suzu_0228
230930936,shazzi_d
23558649,specialaward
343167483,makeupbyria
224117245,gpheheise
26241538,_iNorm
18012677,behindthegoals
15286791,lost_girl
42185227,xoitsdesiree
130462222,SheShopped
628445876,AdamGMcKay
36307472,JLnOz
7279122,thomasrdotorg
19470868,roy930
30689815,hillevillan
46033438,EmmaRWallace
21188016,TessaJay
479984162,TheRunningCam
37153315,shaexdrew
193135140,Comm4Ballarat
20984359,kytele
531718697,Love___emma
20210219,AussieFlem
145306157,joebrooks11
1270161967,OnButler
301210163,oscaresupe
63957086,katehall66
431655479,simgegunsan
12530232,lukasm
45261369,MattLewin
22659643,nurse_chrissy
133530172,BriggsComms
48353854,Cajili01
239643200,petemarr
111252033,doclarkins
19685955,jasonturley
45992516,petejimitchell
3316478534,clwensemble
225272391,berlindalicia
7508552,PeggyChow
147466679,JulianC31
61964876,mickdel89
49685070,hemalmehta88
244415062,kenaday
550870651,parisbabeyxo
23007835,mrissyl
32838237,_heelz
85011038,CrEllenWhite
51403359,annieebum
1599324770,it_luccas
301757883,keeganbest
25799268,bloomurder
2204513832,chasingaplate
392039017,BryannFooo
3006277602,pseescort
399227325,heathro37
426293872,DaisyNTSFM
306706536,SamanthaCurcio
395881856,RaquelleEloise
1399396981,higutatsu0216
27587190,JT_Dodger
25043576,miss_yolie
397853460,ChrisParker1980
515355258,LESoulgambler
276456059,christina_d88
30802556,gailvictoriano
16575102,montyhamilton
23284353,lliizz
625375875,FlowersVictori1
340191876,dorz87
699013,aussiegeek
23579270,aaronmcauley
1703279455,GurmetSingh
23327372,paauchi
137607618,itsme_angieM
10201742,sammyjones
2925380239,aaronacassar
26722961,katrinabicket
24658580,DaveLourdes
294613653,ashley_woodford
18236054,nickorloff
444521116,CaitlinLatter
2907686682,kathryncheesman
79657636,Miawray
22450854,Philthy82
575610993,AlicePintori
473707801,PeterZennaro
1417089138,Matt_Campbell13
53666479,miles_jordan
29663920,juanchopereira
1668926130,Citsiopoulos
196051636,Suzette_Sustain
17765045,seancallanan
2613538501,therealembaker
299045321,thejanetalice
330910393,Daly_JA
1484075706,SchoolofSpace
34565237,AngelKein
16589509,hbailie
37403334,matthurst74
14463687,valeriekhoo
135885513,joey0320
30993098,jemmalowden
405451468,43LucasTaylor
36827853,Jc447
61453006,HeyyLaura_
17056463,operation_rosie
372074616,KatyParrish1
632103634,shortyC_
312644307,hartMelbs
260016853,abduguid
22348502,MorganLStewart
348904569,666Vodka
320776920,AsyraffMazlan
2402452260,CBRGlassworks
374586074,tania_zheng
62391759,beautran
443685596,simonh777
157177978,sttephanielee
104125150,loveleanne68
164374651,PonesLA
179268324,renallizafiar
59402022,cstanaway
2478123752,jac_adams5
871860972,sabuckley85
215043538,NedaTesic
2393625326,garry1951b
1610286746,AidsDelany
22725360,nibrady92
409148145,akmal__hakeem
386887806,mackinleysienna
66235127,AffirmPress
588845816,PbonneyB
72309497,chrstphrwnstn
1290689275,FreyaMcgrath
103446314,Craigsta9010
324829951,projectudottv
14115587,jaybaer
324189654,23magicnumber
9710342,muzocan
1032039175,ke_sk3
20669195,Goldy1970
76831500,adrianplaninc
341480206,dukeo25
98708242,meccanicatweet
260151427,MeghanRaeTweet
18924308,markreedwa
160879406,Aussie_14
37978902,gincl
197325035,jazzz_85
174859032,ShaneHeal
148615962,dylhesp
274458415,gavhoward
14600989,dimoss
85994288,splatterdotbiz
20831012,RyanGunasekera
139029286,NicoleTravelBug
3002830674,FionaAngelini
19172137,annb99
381008683,ViktoriaHansen
111235886,nopalhanif
130809201,NicBakes
31642416,milijana_
1392249649,ashton_avenue
1644829490,jdbirwie
106615232,camcopephoto
2266427287,QueenTickets
316803894,EricAllilomou
28570424,cptwoodsy
118842171,shannyn_b
2798806154,DtaylorPanel
162252365,_erindunn
20753218,kidsatmidnight
69575492,whyallalad
28549958,jordiebrowne
74664775,allioughtred
25459529,J_Cantwell
17824586,dannybishop
324299597,sabbyloh
352295759,JoeVickers1
2711505744,1cyrilblanc1
1053619026,WorldWideGuide
75234606,jezdee
2261005140,nyamkabay
197362517,TONOAKkk
239291535,SteveHubba
19524447,TomPnwpc
33110882,GiuliettaMusic
173063011,benandbubba
26532710,KSwezzy
867789672,Ashley_LJ
77196138,eia25
27335531,BilleBoo
14392173,philmetcalfe
3310062446,lachlanbugeja
284945265,SimoneNicoleM
10263412,elthomas
14121845,MiaFerreira
1346296694,loimtran
492878714,10Wallie
67726203,ladyjayneyjayne
364233596,dpfleming19
260191102,laurenrogers81
521265301,flossykandi
702472844,NasrizamFazle
84087958,rawsheen
478444426,tttiffany_li
187120524,WhereisPam
15420301,bok_
278792902,lachyl
44155793,Shazzharif
3240276462,_craigforsyth_
973800601,kristianw12
85975961,Hadziomerovic12
74396570,MrNJBaum
25919983,fashionhayley
284058287,nixirafarra
595027781,lukepasceri
228633505,Davep1984
87167814,VivianaT_1115
592731046,Red_and_Blue26
557466535,abecket_thorpe
59329449,jason_morris_sc
393092010,CoraTrevarthen
2883981127,ArjGiese
59425711,MattHume_
281979827,mjkib1
137043785,MarcusKusiak
215489464,humanPincushion
27411385,JamesStreeter
125793210,fitzy145
200379325,timmygale
31658943,bergy7
332166082,Mademoisellesno
135734212,DanCWatt
1313958390,cressaaa
606002337,Thiis_Random1
2282494922,sandrisanti1
1574489250,J_Curn
401093584,GetDadsfit
959842808,DirtyDolly5
342045650,michelangeloruc
122052286,Stormcat20
769426388,andy_snape87
27841495,KellieIllichman
19741658,hamleyn
539839454,Fixxxer_80
20433887,jazzical
108551137,the_hyphen
16987106,EricaCarrBeauty
100140006,deerianti
508477081,joshtbarnes
38953961,jorgeelc
16915437,labcoatman
22445040,Genie_Oz
611587059,jesssuckling
32586741,Steve_Salisbury
18887672,JonnyLonny
2279758842,TigesGal
10146812,MrLagmer
463662933,nlsmith14
236737537,rattlerspeak
295547910,pennyhyams
412619873,haylojane
70669320,dachss
20505613,_mateh
2835549199,ahumanchameleon
356867089,samiamaus
60523539,byPennyStephens
415331350,IanKnightPhoto
21257239,leowings
29158424,astrid1087
15338521,mittyoz
22735898,robclark182
299358383,Pinkfitau
2210831987,shayangun
20657181,MatteoPignatell
22749701,fightfate
45300768,jessofarrell
264524835,gack42
56341540,maldita524
106884133,justinvisser_pr
15789095,immargarita
2564052966,cotsanis
23419945,LittleMissJayde
31366188,Belinda74
40209453,Houndsy
79096879,SimonCasa
890191004,Pawzink
189566005,elmo_2112
114430815,mattcoleborne
204284992,365DaysofSport
2644419781,rothpresents
18357315,JaysonSutcliffe
120347716,kenkeogh
6103222,CountKnuckles
40637510,megmacmusic
409545800,mollyR_ryan
1543228489,coalittlepiggy
149058638,Mullen90
931486904,HighClassLovin
96050259,matty2sik
111537237,aysha_au
40039609,IAmArwinV
2608673732,nolanevents
351198298,Joel_Witter
24512357,tsarnikolai1
225229503,yuranyba
22535265,TheCocos
1859196002,DstevensVet
492831846,jordy_chenery
14574695,keranm
29625449,lovinjackson
31765010,CarbieWarbie
2385170346,TrigbyC
29572213,PutriS
17083510,bernoullischic
232053881,BenalHashemi
234638459,WillOnSocial
454586218,alltheloveem
812158,PeterMcGinley
384097408,mthorp23
25951362,miss_soylatte
262796139,ChrisHoward94
2801618052,simo_sessions
350711660,trowden19
23422090,KathrynOBrien
77479051,MichaelSilva69
1168129164,melissabrooke__
14820495,chrismbr
22332560,_melon24
110670994,innovative_guna
1384210627,JamesCockman
132189332,SylviaTan04
2662483093,Rkay27
16659606,StephCusworth
529348121,ThommoMedia
145872024,kristiankar
33877145,juzzyc21
85298330,BLEC1
60607644,Pogorilyi
539997381,Hibblej
78290081,G1NCHY
1031248280,debrahoytphotog
2381859109,SaraJade175
508306653,ErinDWalsh
292740295,zaaint
44528812,alkalinetrioben
33897645,santosmartinez
45986990,yahix
1108844473,Lady_ARae
183095826,K_Fissenden
470766771,iqbalkhairi
55862455,BMUZIO
631071928,thesoulenikoes
23432377,ohsotony
751070395,bayam_ayam
24059068,AlphaIrwin
636036287,benjaminryan2
26998304,NatKringoudis
173006018,LiveNationOzNz
48739523,princeofbraddon
35765445,vedangi
21281313,jaimierodd
421145800,gohyithan
24114378,GeriFitz
1687796941,AlwaySomewhereX
3183428814,MondayH0tty
32464081,nikonz78
53630162,DeanMercer
291598883,jay_batten
107402452,mickonsecrets
17155285,KingFD3S
328416471,adamppollock
501434916,JeanMcLoughlin1
165274843,BJVELLA
16360669,bystreetlight
350819550,emmaesherry
235144741,JonTraynor
388187003,JezzebelAnn
15510756,zdeluca
20190441,candyhertz
33175647,visualfeast
235275474,MissSLouiseB
25797873,gracelace
489614578,HansYusoff
457508087,HanisBukhori
3141461240,BrydensLawyers
31051001,ossen74
23420799,zurigo
196117757,p_terg
246299902,bldsny
23049429,camvoss
1116041365,PetesSchmidt
817440001,urasyan_punk
41571586,Cyrus_Jimenez
17306155,davidsivaraj
149433608,Dr_Osteopathy
263562506,Gibersaid
18064651,DelBoy1203
57627919,skippersmall
54125842,seraphsam
499461396,TessNobile
203908375,MelvinCheezzy
201245976,SwankyyJess
246157351,musicindiiz
1688325404,MichaelMuleta
266311898,petra_barraza
1732494600,mens_shed
18347295,stevebeards
474484000,Mr_Craig_Wright
148852001,ElenaAlMansoori
840471846,meta4RN
1432753447,Aisa_diaz
546809129,TimothyTCLaw
47070508,Lostelephonos
20553006,rikigo
355880157,Jo_Hall9
25083188,nateabello
237974235,marleyjstewart
96048440,jamespthornton
265948474,tvalcorn
25414972,markgtyndall
131386685,harleyt7
245884222,CraigTweedy90
47234367,dayna_jay22
10235202,AlvinNg
271988035,La_Sourie
2187439039,p2pElizabeth
385226053,Bristle25
192466797,demi_fj
315204943,stpauls6
169844049,adam_voigt
233136284,crmarkbasham
247625043,pursuitbykelly
754787773,alaa_wah
70296922,jameseroyce
28966238,StephanieAfrica
229033311,tealfooty
274864781,iLoveSamoa4eva
1142173027,Schodes_
6083942,PybusPR
340761489,Myboysaredrunks
214825349,K8CS
142234172,MTascone
20641131,benhider
101981552,AaronRichOnAir
24108401,stevierodger
228535666,DanielAndrewsMP
73403764,RJPramudita
43359806,ynxy_
201147766,ndxzrn
259056873,TGF174
3252282746,ZeoN_Music
2461013371,skiinglover777
242725098,ben_chisholm
224673150,balwinderLalli
2529330559,RobWarncken
16319872,meganjlloyd
3195789888,adamkolinski
14452098,partic
56979691,geoross
169794948,GambleBreaux
237907252,Brandtclifford
608845172,Chooks_cheese
387747210,k_nobel
34256267,nirvanangel_
8826252,mablack
489006957,gabbybridge27
297741712,BecGeyer
52993425,TimothyJ_23
19445138,slicknic
40213907,mandyfoo
269583765,AxelVan91
11744662,susannenewton
592686491,idesmelbourne
407297436,BridgeRdMelb
199121818,KungfuKristen
23287198,coconutpop
584555205,harrisoncraig
1579970118,crseanoreilly
217623974,JamesRSheffield
2902574503,EntrecoteMelb
239793577,23lutzie
8848812,boffin66
3354305778,anita_rank
37184943,XinaLam
49450416,aniaizabella
352721480,EmzHenry
459974066,Don_DeEsta
461692339,matt_bolitho
2584599992,ajtjewellery
156502949,debralim
80367519,bassidhruv
36384189,contrabandkarma
82302398,Diane_Kimberly
110955967,adaftys
1440737184,NikolausRoberts
104027947,patrickblampied
73518532,sroberts82
389402053,chris_w_romano
282448801,fionashirley76
164316748,amanhadi
137307594,jimmythedragon
58770895,justinemansell
125953490,airbusguyau
1945338446,LtPageMarketing
287788502,stylesjuana
101062564,bulldogsqueen
90586589,CamAlarcon
66264543,Shnush_
18992611,rosinnott
2937927647,EmmNance
403578343,jasminetern
859289065,tattoogeorgie_
83068394,ClintP_FStudio
271647725,OneBrabas
42786285,LiquidInfusion
287546863,emilyjbak143
1409348989,JimmyBourke5
367824374,Jyneehehehe
229975544,mad_82
389834324,long_mitch
2202208782,6002Scm
23569663,vWMaps
130366973,outsidethe3
820354560,carberryone
354246148,alex_always25
613560577,hEMMAophilia
25472520,CbnGal
50488919,TobyBayer
1542522380,LaurinaMurphy
302357762,stueyjrichards
300070415,Lisa_Nicholls11
843327938,juanitarwebster
12353042,jasonmcintyre
53377678,earthtoelya
522096051,promisedlandcof
71325956,FabianoSerafim
421599151,carnegiemick
527855132,Fi_kap
91246111,LisaMessenger
20968992,langers_h31
2988474386,itsNinty
382406179,rauhlinouisbrad
283887140,DonfordBird
37164581,MarexGaba
29046312,richardcoleking
163793159,Miss_pusscat
2297235037,MontagueRay
219911729,GulcanKoca
2341502108,justinr_cooper
733961780,emgw_melbourne
207540830,NicholasIFM
42812983,EricTheBeige
33457720,joflake
210669115,LcWest11
23903805,AmandaWoodley_
33132094,Perri_with_a_I
184092223,pamvilaca
1545729600,BluestoneLane
550797672,syafiqihsan11
71765259,SmifftaOfficial
55457348,OnlyMillsy
577897456,proudfootphoto
18890310,krmcc
23418442,Belindariverso
171888203,Wilko_11
35427916,WhoAhMai
79316557,GeoffHaxton33
372649555,MikeLarkan
16373332,CabSavLane
333786710,CJPepper06
16668247,chrisbride
19029592,_kaushik7
106408548,SamuelRDawson
429409884,smithstband
33181277,hawkermay66
1597587038,DemiPapaioannou
3144472164,Gareth_Pollock_
2581970534,onthelistmelb
1682250001,ninajdelacruz
903308904,99051thomas
25460331,kie1ran
24094318,mrpaulpaschedag
130965104,WP_DownUnder
19854963,cramars
23879284,chladey
37396085,ebowana
176393847,ElliotG78
130012095,MarkBeretta
64941695,hussansharma
20893313,mary__cupcakes
553408130,TrentClayton127
2653336788,HindmarshCEO
182623879,SarahAddis
23269000,DELLAPEN15
328523403,AlexeiLesin
1605643916,sandersonsledge
296697485,CarlosKhu
63825550,AshSilvers13
31743632,LukeHepburn
392570513,javeedna
39227026,patriciaortega
20240019,murrielle
23101079,cleggdrums
124010137,deannexrose
606262749,ryanleckie
308364957,SarRoberts
110055072,bhavneshsoni
194696211,annachinnery
36021925,robynwain
438860401,MitchelWoods
22810280,caeldg
14562990,thewebprincess
269151919,biancamasino
62746288,Punksta06
59061937,RalGhanmi
14358194,katclancy
556572339,redundantcinema
276922036,MidgeDogg
297307830,ChiNkeatz
59485812,rgilloway
448671418,hayley_millerrr
398010043,zahra_ismael
80737982,stefan_popovic
131434176,mattchaphealth
113794753,KateHamilton88
7526082,tcn33
334061252,Chris_Andrews1
767407813,nmpringle
362198305,Ra_k_
311879368,MargotMoore
1695557580,misselenameow
26918602,jreynojreyno
142914297,yorico195
21475021,loadedcannon
275001039,Nita_Mardi
434836088,ElaineNg96
375326418,kelliesuhr73
18147028,VicRoads
452605653,JulesDee7
2886833989,danhickey2199
15410903,Koppenbadger
536135720,nosportsforyou
1646956255,serge_para
362262243,MoronicInferno
302509796,GemmaMitchell1
43757285,SuzanneKayJH
308750054,diananguyen_au
16926439,JimmyColeman
79365864,kingrob81
42898044,jameski71
23013099,guzmany
3258272232,Justinlordruahl
2718166766,AdamJGeoghegan
196196079,joegrace10
359327472,SophieMc108
1592674033,ShannonRossiter
50939634,ruthyparsons
314224595,bonnniemay
312434421,chockeebear
237115128,adriennnemac
235873057,gavsouthern
177514238,duckman_31
2495897634,stkildarickshaw
1003169540,supertonia24
29007622,KagariY
78741255,thislovesours
557514198,BethMeAtSix1998
45530412,OzAkdeniz
134647563,anewmanCG
26216205,Samantha_Simmo
98244372,jnottle
45557525,bungkusuma
14071575,kat_thompson
282478360,AliceKunek
417769242,basscoastagshow
53042973,CRJWeinberg
1379383070,Natalie_Ashlea
112946975,danwrodgers
20107042,Ros_O
146411301,DiWinkler
28555046,bhalejos
20145960,joshrowe
24842026,damiankristof
33830699,benlimisella
782300156,laurenjstaveley
1851298633,siennaunltd
175853533,HarryBurgess92
508399415,HollyHarlet
34264372,chanthabirch
551003962,AndresVirguezR
14349279,treehugger25
18356033,pharmerdan
2889527106,brendanwright21
52330307,Leonie027
810446660,thomaslmajor
118319414,giveusaW
24031046,Kazza169
24358727,PeeOhCee
109884044,pitbeat
3109476170,riteshpatil000
368207691,fadzlimarzuki
362383330,michaelrcotton
211327629,BJRogers12
258731856,AiroldiFineWine
25889080,henrycarrero
2282063898,AlanahParkin
37097301,Axelrox111
20205398,WhatHannahSaid_
254900055,Cec0988
25427802,JustinTurnley
29153115,HailsMcN
276610908,amarulAfiq
141100893,JBiebers_FavGal
12021602,Hauser_Mike
488464694,23Kbrewster
24870757,DrGroove_phd
64724838,paukay
1276653230,cassstafff
620812136,keensmad
35704124,Shar316
24285034,brodieyoung
25931628,_craiga
65633938,singult
79542126,leealexand3r
150970224,breejamielee
1319995249,The_Careeralist
408192883,lozzMC92
1203162996,DarcyDryden
27606907,CazTheTurtle
44029823,anastasiayoung_
126601091,scottbutler67
1687594884,EmmaLouiseWarrx
3219870295,AusBeerLover
14952327,bendog
903311240,SexyEscortCindy
20625289,BrotherAmos
489044323,goodfoodrave
115386007,27Rhoda
24346509,DOB5
27312014,Rob2563
53665679,moveonbekeira
29839249,MelissaPurves
297191314,nedhunt1
55469974,chileanjake
408383383,holtman
72812440,dinodipper
150990745,nutstick68
822656922,andrewhill555
1240756123,matildaledwards
15832989,miclumley
14258079,Missamoo
261729299,dickietaffy_9
493778849,mo_works
51963810,MATERIALBYPROD
17676195,RobClout
20975524,traceyrubin
19761137,punkologist
131194794,ehsan1991
2836197991,mvolkiene
123412398,cassiiobrien
33048495,Nitasha6
1025288112,cocktailncanvas
114603953,DamianWhitewood
3175815090,bsfmelb
440819635,ErMiESuN
313253814,SuzieByatt
544208824,BrandStyleAust
37722041,SirNige
2388361146,MaddogMarky
404527037,mhamilton74
78607349,peiyunchang
169772704,iddigitalagency
19947460,lcclc
230132151,rodders05
28727239,itsdra
7026632,tmoore
22419403,joannatan76
31752140,AzzaMarch1
124358605,tweetRmusiceatR
147564361,Alahna5ash
186750929,SteveHartFOX
802031570,sophielowelowe
277915056,westsidewifi
235354068,mrtoddandrews
19959766,joshjanssen
1014994914,carlest1992
146603992,swess16
238628516,JenEvison
601712763,AusBballnews
1097003761,thriveflower
2987661577,embannan
20117469,ReDeDeDooo
894762661,PaulineSoures
161538017,briggas43
209311714,taneilbaldwin
159758307,Ruperman_
300578790,tomrobbin92
320473063,trexq
491139049,Sarah_Stone71
55156714,KimmJayne
211427309,AlienNamedNikki
1238829038,beawesomeblog
31473648,sinhawansa
24852136,hayleyonholiday
522689221,PrakharDwivedi9
3314413555,cobbership
326111220,LC952
38131701,adnan_awan
215087094,akafloralynn
55627770,oliverbozanic
3061100539,Demongirlx24
27121660,leachitup
