217756160,Steffymm
137611265,thirtyfiveblack
55204870,_chinmusic
22457865,Rhianna_
20342283,rossyal
246652940,Chiari54
130462222,SheShopped
185453073,BenJLane
297246226,CrothersDave
870481034,paul_w_mitchell
1903049988,AlliC19
285407259,MadisonKiller
140049948,nishpara
750147930,boland_martin
634495007,jarrodcrowden
435363872,damignone1
479984162,TheRunningCam
264524835,gack42
106884133,justinvisser_pr
246157351,musicindiiz
503664169,robboloveswords
24902699,alisonavron
62443054,massimomele007
272349235,kathytheballard
733961780,emgw_melbourne
208247350,_RC4_
84507194,damnangelina
22659643,nurse_chrissy
142234172,MTascone
230985790,chrstianguerra
111252033,doclarkins
192536642,elenib76
17569860,dandebuf
274818120,okreroy
18829386,JJSMI
85111374,IchBinJoanna
835460689,olives33
96876626,andrewpholden
20859476,wander7lust
35526743,niallwilson01
1426663513,TeamWatto
2581970534,onthelistmelb
1206015690,williams_a_c
51360363,ChrisTamits
128797804,akosiclarz
368840817,MyDMelbourne
59485812,rgilloway
1611381,madpilot
27587190,JT_Dodger
1221167208,ShazBecc
399077498,aboutabugg
24770171,jayer78
56964220,DeanAlepidis
20652157,AMPR_Group
812158,PeterMcGinley
2695309441,ScottLynn14
11645572,KatrinaM
364642439,lukec808
23422090,KathrynOBrien
540561550,Nick_J_Cooper
16608912,davidjstone
1384210627,JamesCockman
22743701,MJ20
85298330,BLEC1
250345115,MariettaDelVecc
44391589,cloverstars
18833575,CroftyV1
327348905,JocelynPetroni
34167789,REDV6
25971891,BoomBoom257
276922036,MidgeDogg
46901431,jimi811
330910393,Daly_JA
78873787,PoppyOThompson
16734909,TurnbullMalcolm
149667522,markd_souza
127870659,timothy_89
91491014,matthewgchilds
3219870295,AusBeerLover
26918602,jreynojreyno
7070412,brodiemcculloch
280943309,LeoMatey
327226066,PetePennicott
22348502,MorganLStewart
443685596,simonh777
16360669,bystreetlight
23933151,Daymeaux
138356153,Joey_0010
38409957,xander85
308750054,diananguyen_au
25663207,davidbhagger
20190441,candyhertz
2171705226,mt_tigerland
432152815,nutritionwrks
596281072,RedfernMichelle
601910517,Tezi_K
216145144,NDipper
561859833,laurenstal
484266367,andywy23
27542274,mattphillips2
516901636,mkara69
2558533386,surreyhort
2497202443,ManuelaPlessBen
735746828,ALieschke
28466448,cyclecam
436552579,ReeceWhitby
2570176860,ShowFXAustralia
413087513,TylerGreenaway
623313182,garyjenni
253556001,g0ugoodthing
361639718,andylamrock
507017351,HopkinsonDom
21812012,ajwebster
508306653,ErinDWalsh
282420017,haydos_86
138012979,eon82
34264372,chanthabirch
22604169,outofmykitchen
237982521,lukegriffo
265948474,tvalcorn
1081435963,Edwina_Davies
26740029,RyanJon
47234367,dayna_jay22
2889527106,brendanwright21
128787269,MichaelAuciello
265173318,lurchjohn
360477000,geraldinenegri
187120524,WhereisPam
874763083,bigm07
67288403,SusiePamenter
2550643028,amandalahugs
31372631,Tom4lfc
112291162,Team_duxywoo
1027426651,stuartasterling
20982108,bmcgeorge
21531997,dazzler40
39474020,sarleach
220618085,mrs_leeds
1290991975,ambercelebrant
27832172,bennybags
150970224,breejamielee
284945265,SimoneNicoleM
343853938,MastersSwimAus
233000829,adamballesty
23420799,zurigo
324335690,j_s_n_d
50426249,AlanaSmithMedia
113899914,fkn_lou
40619916,johnrmcmahon
15264143,meepok
27847058,_klahope
72812440,dinodipper
15899033,rolfep
62228892,kaatieee27
320557893,tasweeney
22006689,mattverrocchi
377940123,DrJoMitch
37860262,AdamJaffrey
342366632,_brooklynfraser
377310620,benreeson
13493162,liveitseeit
588845816,PbonneyB
199353774,pollyrowan
277915056,westsidewifi
1885984178,JimBigkanga
179952565,Jeffo32
89656246,JohnnyJankovich
27411385,JamesStreeter
293984187,Maddie_Oldfield
18075722,mikeyodwyer
190524350,3degreesmktg
130012095,MarkBeretta
204223427,rdunkerley
389402053,chris_w_romano
297378721,qtcazza
59293646,JACKSTEEN
17429969,AD42_SPORT
342045650,michelangeloruc
22737486,LuLuLoves_
324189654,23magicnumber
54552023,Jason_Froud
19741658,hamleyn
94065115,kpgriffin
20433887,jazzical
296112096,sarahnicole_lee
108551137,the_hyphen
517170149,eamonchiffey
133744107,blayneymorgan
16319570,Cameron_Francis
553272304,ChrisHughes2803
611587059,jesssuckling
23910389,Caitlin_Nobes
81237494,ssbot
18887672,JonnyLonny
