82374145,paulfraserecho
549490774,BrightmanMark
20633606,zozoHolliday
36084233,rustyspanner
2162345483,siparkes31
21816847,twincklet
799900176,AnneHisham
20280850,Wrall
28401683,Stone_Wolf300
486931417,Larsentoure
263591453,iNdpang
107782177,isalihinabrahim
48690723,ElvWilliams46
23621671,Fino76
27191854,MonikaAvramoski
20684847,MikeCharles21
491177523,dhunt99
315939382,khalidinho_55
2320701620,deepan88
43503172,KarimAbouSamra
61773382,Bal_demnic
985350728,philobbos
39026762,ICEMAN2372
571772491,muhammadyazid_
999359046,Zahrilzabri
19448397,UnitedByApple
58780758,colmshan1990
458148440,BigJP_1987
390156379,dancartner
93398111,MrPhilipOldham
42513505,Kimberley_19
407738981,MickSnowboard7
244034151,ashleyp1905
167294570,AntonAlfy
61327293,simsim7
976988275,sukmawatims
2259814004,HidayatJanuza7
1431767672,harisjakmania12
35108477,dsogn
21037188,safclyndz
1907935368,azizahn_78
89453708,zavcdause
208732814,elteesh
2197958293,REDManiacsUAE
349571353,Lebanesemustafa
231432351,Thejourneyman01
429536934,SyazlanAnuar
231695018,qayyumsunawan
244097479,mierta23
258452148,HatfulOfRocks
179001015,abdulazizmulyan
55800507,Azrulshane15
49640129,m_parton
306758850,horvering
185037511,MrCoreyRobert
70683340,Andy_Mannerz
232245965,LucyAC_ART
65306830,Profound_Gyani
2913428941,dioandreaAn
29525203,theblondeUK
82303188,Paul_Framp
120785102,Dan_Ponting
229800155,Langley1986
23300316,SW11LLO
231453406,Eng_Janfawi
738998497,djsutty71
3072135907,OpaZensu
94568166,hmpsnlssn
316686572,mike128n
144225517,KarateJesus44
832943858,MomoAyumi_
838325492,alomairak
557386491,almha_KM
395846613,Spanish_Farmer
417074432,StoneyStone78
611073794,mzainoloum
16439556,Joe19G27
277120778,JamesPiper123
161115926,JuezdeLinea_TW
282609943,bennymufc
19824772,angusevans
53932316,colettesherry
14422302,susyanese
212250911,ordinarybrown
48415522,AL_HarithJ
51243812,mcarrandi
1217682728,pipinpoipin
137719594,hirstclass
28958016,IcemanBrutus
2765823542,ajebotweets
236029770,DavePutman_
428037452,nadiasalwani
230204751,HazrickOng
145286994,jeroenJHS
46326625,encikmizi
3075827555,Connor_Mc16
68946276,OliverJGoddard
94267755,supergeeee
63510387,Brian612
327769975,JojoeAli
383925635,Josh_Townson
66029959,IrvanApriliandi
1232618384,imanimd
258748817,iHunsa
341381014,__hafizuddin
212257175,meltslikelemon
603121564,MrDavidMaurice
170831775,s26mjc
170321827,BasidAli7
19485605,charnerz
1748004781,dcozy86
309680558,KalemReece
49205168,mor7mx
621091762,UmarHekmat
236459444,DG0205
2268890041,HuntEmily_
356478367,stephenwild15
21925450,RyanSkyWalker
58198464,Nunestito
87604678,Angie_Machado
221652423,M_AlDhahi
331446217,JessieWhiteD10S
245694925,emshafril
70298701,cerati9
18933712,noppatjak
202531285,A_Alsaffar
266134999,LauMorenaza
15802329,AntBarlow
634505693,dawright14
173765087,Dikohomogenik
428440032,ImranNordin
25047529,keithstrong
25487855,MattyKnight_
874562036,EdwinMe88
628948981,bpayne9611
148914678,Kyle_Kennedy88
1114087422,ahmadrinaldi41
248301055,Abdumohsen
