21037188,safclyndz
276091660,safcinexile
212344077,Grapplefit
563993871,Majedalthwainy
19511441,aldunn
116486290,xEllieCoatesx
2508664468,marcmarquez21
21226006,Brebrov
1319114628,JPCanny
20793242,Jilly2908
575817961,Chloejackson92
2866581533,patternsmade
33715999,benwlane
19183960,G4Shallow
345198241,thisismunan
268444501,JoshReeves10
134768682,AMAsportsphoto
87041067,YidoBuckler
21804333,AdamJHay
35531195,jackTryan_
248873760,rossmarshall_dp
3293798083,AeroBoticsUK
2613438805,RockTrumpet
71818061,Fawdonblackcat
38634911,rrubs
250471381,bo_faris90
177166680,JZammR
333922400,Geldard94
310782079,PaulNewton111
385965499,burrell_sam
1068427748,welch_louis
847384550,rara364446
19664895,nathanlawson91
25047529,keithstrong
397361775,TheRealDeal1903
217513591,iankmuir
37017848,Mickyboyc
17930362,casualmex
89503611,DoctorWhotch
23123199,Rorythetiger
