19419398,LouLaBellexx
398048903,MartynJames8
87398152,iswarnethi
313515529,kerriejb77
14736139,liketodoodle
23450509,SteveGrant1983
80686351,stanleykwenda
216151956,robertbellhouse
849573014,NatalieeElias
60322199,leachswn
115183776,alexgbourne
107782177,isalihinabrahim
92390184,mattauckland
229806249,robthomas1959
396454837,CathJames63
120044473,Hayleylive
368886208,haydenfoster99
82184130,kaiserbilbao
273444168,VeraBernabe
245564373,bethw08
1015244119,liam_lcurran1
2290000090,J_millar4
190646112,PalLikey
59455207,25buttsfc1
152574571,LeeCGregory
1161048176,KieranCPhoto
144084725,chriscumm
