21086336,13JOHNS
417074432,StoneyStone78
265566123,DPMoore88
134792073,foreverTHFC
2719916427,lupascandrei2
147658892,yokokuru
20981006,kam82
19972111,Shaunmag
3229196027,NothingTrippier
307316483,therealdamianb
119788488,Dazza_Hervs
235187758,IwannaPapn
20636822,chilly_spurs
14945049,homerclees
335340444,LewysJamesNott
62762270,KeefsLoveChild
409143237,Kwetton10
19618208,mbretton
107782177,isalihinabrahim
531663651,MalikYansaneh
34919461,NinoAuricchio
206845867,ajethwa10
19936045,TheTrevorDurham
217523758,TheLensGuy
430181355,TomIanHill
26130353,ronakdaya
19759538,jimbohc
20460467,lvcybarratt
969874999,Elliott1Clive
397412281,RobWhiteVenn
24811871,Gary_Harman
407034814,JonoSpurs
624101951,Heimat1
39989056,GavinMaze1
25645765,Sammycd38
20627014,ahoyhayes
110301128,Mr_Rav3n
584764875,GreyhoundN17
19745999,bennyaziz
144898256,MJQX
375876787,JoanneElliott_
61745239,leehart_
212928984,majesticmousa
147220444,fenixconnexion
62302685,Tomsy79
46685279,georgesomers
20365025,Indochine_UK
28447202,MrJSASmith
218144827,donnapit
263704933,ASRichardson92
118363110,raulsuhett
755470183,jordanarthurrr
2424632949,1982Robbo
189239602,Gouldiep
311901036,Camden_Dave
207980143,Bl00dnut78
102644465,TheBoySeggy
21407731,MrBelgrave
50502644,wrizuan
844261694,JamieRocheMusic
20721015,ANDREW0675
275075320,_THFC_
103846651,norinita
299147773,danmeader07
479047550,NARSJanice
156882815,James_Ek
