456837227,SlatePaul
439976791,TomNavRoss
23450509,SteveGrant1983
72919257,BryanieKeatos_7
227689881,katybaggies
198115610,DavidPalman
29714202,chrisbrownhill
20537630,kelly_82
115183776,alexgbourne
35332644,baggiesbabe69
927953239,boingboingsarah
81880108,Bigmoocow72
407170095,BaggieSam14
102966585,matthewlhunter
158394585,CWillis7
634062315,trevorbailey61
7328962,noakes
30003097,dunnda
20178379,_maddylucy
560362958,baggiegirl1970
215046029,mjmarr_star
23370192,johnhpainter
58619607,jastle68
341690713,ell_b_un
211203546,Adam_Seeley
346627819,stuarthollis01
1089618157,harryb483
327503728,stuartbailey74
459346549,Sevskii93
105917302,Punlar
27060862,albionfc
