22216704,DewGirl99
255125505,dustywagon
165477890,billybakerdrums
23628419,SamDiss
19660808,rossnichols
218244490,leemsmiffy
24412301,johnaaront
22749456,RobertoGotta
273852565,nickafcbhillier
18898584,headancer
262826396,DaveBurdall
26857757,dave_boy
249781411,utahbudd
32130342,AdieBrown
241858589,damirbecirovic
229894447,SamRoyden
192591112,sfbomb
54474867,tinysuz
19965238,modes98
123882044,thenailsalon
387367027,karl_paget
527775937,hollstermaxwell
542483269,PeterLeeScott
61754567,hammerslibrary
51082954,davemerret
523500236,mallybulled
3064856015,nataliedawn1968
66650195,JamesJJWilliams
610139353,DouglasRoberts9
460227804,AxelRonnholm
344117469,DJMartinCee
265684321,laurabibby212
569131105,XGeth_jones
173133678,homer_er_giri
2226874992,mkhlovelife
1625540977,ZacharyCohenWHU
28561363,wobblyclark
42072310,onurshark
40309623,Max__Frost
